id,name,screen_name,location,description,followers_count,friends_count,listed_count,favourites_count,statuses_count,verified,created_at,account_age_days,has_location,has_description,domain
733980060726792192,maryam farhad,maryamfarhad201,Iraq,,59,683,0,34,16,False,2016-05-21T11:17:37+00:00,1567,True,False,Business
1103027319478931456,Benjamin AM,Bennyalfr,Worldwide,I will always fight for what is right.,389,525,2,10536,567,False,2019-03-05T20:19:41+00:00,549,True,True,Entertainment
27260086,Justin Bieber,justinbieber,,,112403156,295385,550181,4532,31055,True,2009-03-28T16:41:22+00:00,4178,False,False,Politics;Business;Entertainment;Sports
2425151,Facebook,Facebook,"Menlo Park, California",Our mission is to give people the power to build community and bring the world closer together.,13368883,724,42566,1375,14456,True,2007-03-27T07:29:25+00:00,4910,True,True,Politics;Business
530916347,Mike Shepard,MikeShepard4,"Washington, DC","Managing editor, U.S. Government News for @business. Ex-@washingtonpost. Forever @HoyasMLacrosse. 🇺🇸 & 🇧🇷 at heart. News tips: https://t.co/EGRbUmkXwT",1047,340,19,2909,5394,False,2012-03-20T04:43:59+00:00,3090,True,True,Sports
407340870,Michael Weatherly,M_Weatherly,,fascinated,468215,246,2741,36,3509,True,2011-11-07T23:29:49+00:00,3224,False,True,Sports
186983529,Gersain Zavala,GersainZavala,🇲🇽 UY UY UY UY UY,Student at #ITCM I love my followers. You can be better if you want.,83385,99808,157,5510,109569,False,2010-09-04T23:21:55+00:00,3653,True,True,Sports
259002100,Megan Jacobs,meganajacobs,,Democratic flack; renowned pie baker,529,945,28,111,5269,False,2011-02-28T23:35:05+00:00,3476,False,True,Entertainment
2504903922,Daniela Alfie,daniela_alfie,Mexico City🇲🇽,❣️Instagram : Daniela_Alfie                    ❣️TikTok: Daniela_Alfie      Sigo a TODOS de vuelta,17252,19736,59,63096,99356,False,2014-05-18T16:30:13+00:00,2301,True,True,Business
1954619760,Haylee,Hayleev,,,26122,26743,40,0,500,False,2013-10-11T17:12:55+00:00,2520,False,False,Politics
107213461,arnim holzer,arnimh,United States,Multi Asset/Macro PM. Interested in the why's and how's of correlation defense- follow me. Man of faith. We're here for a purpose. #correlationdefenseworks,199,361,5,5171,3796,False,2010-01-21T21:35:27+00:00,3879,True,True,Sports
13784642,NPR Books,nprbooks,,"NPR Books stories, the future of reading and what to read next, with Books editor @petramatic. Tumblr: http://t.co/BJ66OI69gC. Email: books@npr.org",785806,383,7875,2009,16715,True,2008-02-21T19:34:26+00:00,4579,False,True,Entertainment
895031094088806402,Holly M,HollsBallsSTL,,"Lifelong STL Cardinals fan, professional bridesmaid, tech writer and daughter of the best parents alive. #Romans116",176,297,1,229,697,False,2017-08-08T21:16:56+00:00,1123,False,True,Sports
38164846,Paris Saint-Germain,PSG_inside,"Parc des Princes, Paris",🇺🇸🇬🇧@PSG_English🇪🇸@PSG_Espanol🇧🇷@PSGBrasil🇶🇦@PSG_Arab🇮🇩@PSGIndonesia🇯🇵@PSGJapan👱‍♀️@PSG_Feminines🎮@PSGeSports🥋@PSG_Judo🤾‍♂️@PSGHand,8049872,137,6262,629,60315,True,2009-05-06T12:14:30+00:00,4139,True,True,Politics;Business;Entertainment;Sports
1118569303584968705,Wacko Genius,Guarana100Gas,,,27,774,0,174,173,False,2019-04-17T17:37:58+00:00,506,False,False,Entertainment
49305802,Eaur Beauty,eaurbeauty,New York,Creator of MY SOLEMATE. A top 10 best seller on amazon. Adopt an animal. People lover. Love lover. Fun. Quirky. Crazy. Cute. Me. Never Forget 9/11.,393,697,67,69,2220,False,2009-06-21T12:41:28+00:00,4093,True,True,Politics
217064621,Simon Maloy,SimonMaloy,Just outside the Beltway,"Senior writer, @mmfa. You've also seen me in @TheWeek, @RollingStone, @Salon, @TheProspect -- tweets are my own etc. smaloy@mediamatters.org 202-772-0102",54368,1060,1276,5415,68888,True,2010-11-18T13:53:27+00:00,3578,True,True,Politics;Sports
575565118,Dante Bonfim Costa,dante_bonfim,"Nice, France","The official twitter account of Dante, professional football player at OGC Nice. Twitter oficial do zagueiro Dante do OGC Nice.",1754476,487,1608,112,2836,True,2012-05-09T18:10:16+00:00,3040,True,True,Business;Entertainment;Sports
1052680893255553024,Frank Ricard,FrankRicard17,,"A beer drinker who loves a cold Kavanaugh, livin in flyover country bitchin bout #iubb #iufb and trying to #maga ...""it tastes so good when it hits your lips""",74,692,0,9,503,False,2018-10-17T22:00:57+00:00,688,False,True,Entertainment
434423224,Lil Debbie,L1LDebbie,BAY AREA,BAY CHRONICLES Pre-order Now! https://t.co/GgAw7x1TXH management: dannie@getfamiliar.net,201969,1400,543,11558,63065,True,2011-12-11T21:01:16+00:00,3190,True,True,Business
912265488,MOI - وزارة الإعلام,MOInformation,,الحساب الرسمي لوزارة الإعلام - دولة الكويت The Official account For Ministry of Information - State of Kuwait,147827,5,287,3,19447,True,2012-10-29T11:48:55+00:00,2867,False,True,Business
201909764,ivan,no_tryhard,,,14,24,0,285,32,False,2010-10-12T22:15:09+00:00,3615,False,False,Politics
710775945158909952,Raвιe υllaн©,Rab1e__,"Lahore, Pakistan",I love Tech thats it !,11,166,0,279,72,False,2016-03-18T10:32:45+00:00,1631,True,True,Business
66951177,DhammaAgaligo,DhammaAgaligo,Thailand,,2806745,0,3871,0,4721,False,2009-08-19T08:50:31+00:00,4034,True,False,Sports
20793816,Amazon,amazon,"Seattle, Washington",Official Twitter account of Amazon. Contact @AmazonHelp for customer support. Follow @AmazonNews for the latest news from Amazon.,3361014,50,14990,7105,33434,True,2009-02-13T18:39:54+00:00,4221,True,True,Politics;Business;Entertainment
992483910222262286,Craig Jernberg,CraigJernberg,,"Personal chef, sports fanatic.",59,912,0,65,125,False,2018-05-04T19:19:38+00:00,854,False,True,Entertainment
3051714377,Falowo john idowu,FalowoJohn,Abuja,,121,465,0,2,24,False,2015-02-22T03:53:18+00:00,2021,True,False,Sports
1292511821015011328,Frogy _último Dinossauro,BjcFrogy,Bilene Hood,"Eu Sou um Rapper, compositor e estudante. Porta voz de Tupac Shankur🙏 Real hiphop nas minhas veias❤️ Mixtape A caminho do inferno part2🔥",5,115,0,10,13,False,2020-08-09T17:24:09+00:00,26,True,True,Politics
149119043,Bryn Williams,Brynwchef,north london | north wales,"chef, work enquiries, presenters@curtisbrown.co.uk",15624,762,153,16181,12676,True,2010-05-28T13:22:42+00:00,3752,True,True,Entertainment;Sports
890841483145867264,Rakuten Sports,RakutenSports,,"FAN-TASTIC and exclusive content that’s all about the fans from the sport and entertainment hub of Rakuten, Inc. 📷Instagram: @RakutenSports",19460,45,23,3279,1881,True,2017-07-28T07:48:55+00:00,1134,False,True,Politics
26007890,Susan Saint James,Saintjames46,"iPhone: 41.362907,-70.516632",,4591,330,79,1848,4198,False,2009-03-23T14:16:18+00:00,4183,True,False,Sports
815275309750591488,EVAdoption,EVAdoptionTweet,"Danville, CA","Loren McDonald - EV analyst/writer, https://t.co/QuesZLfsFZ | Available for EV research, EV trend analysis, content marketing, webinar programs",1231,1123,40,4181,10372,False,2016-12-31T19:15:55+00:00,1343,True,True,Business
48829047,Forda,TCF87,,@SouthamptonFC fan.,791,1939,10,6133,12586,False,2009-06-19T21:07:39+00:00,4095,False,True,Sports
2298929849,Manavalan Mahalingam,itsmemanavalan,Chennai,அரசியல் என்பது முழுக்க முழுக்க மக்களுக்கான சேவை!,600,2472,0,657,11386,False,2014-01-23T09:04:05+00:00,2416,True,True,Entertainment
730709048954249216,Kate Valdez,ValdezKate_,Quezon City,Double Chins Are Better Than Double Faces 🎭,162470,105,32,12270,3128,True,2016-05-12T10:39:48+00:00,1576,True,True,Business
2163907389,Jason Lewis,jason_lewisj22,"Leighton Buzzard, England",love saintsfc and Cyprus. all things mod,1431,2903,6,5007,5522,False,2013-11-01T21:27:25+00:00,2499,True,True,Sports
1417251,Press Gazette,pressgazette,"London, UK",News about the world of news. Sign up to our free newsletters here: https://t.co/xt4LlIKaky Find and post jobs: https://t.co/HTxeyt06ba Stories and tips: pged@pressgazette.co.uk,70243,12205,2050,325,40414,True,2007-03-18T14:07:24+00:00,4919,True,True,Entertainment;Sports
713853533632729088,lorens,_gabriellopes10,Rio de Janeiro,@flamengo,738,291,1,29894,19052,False,2016-03-26T22:21:59+00:00,1623,True,True,Politics
38212424,Clyde White,clyde30,,,23,862,0,49,128,False,2009-05-06T16:09:45+00:00,4139,False,False,Entertainment
2697945751,Khurram Nawaz Gandapur,GandapurPAT,Lahore,Secretary General of Pakistan Awami Tehreek @PATofficialPK SWORD OF HONOUR PAKISTAN ARMY Secretary Senate Of Pakistan Committee on Defense & Defence Production,88715,1704,112,38661,36407,True,2014-08-01T10:22:45+00:00,2226,True,True,Business
726163383708487680,Julia Yoq,anmarkova14757,,Hi Guys! Want to look more my video without anything? Find me at link...,73,1073,0,0,9,False,2016-04-29T21:36:56+00:00,1589,False,True,Politics
119491006,Amy Chozick,amychozick,"New York, NY","I write features for The New York Times. Co-creator/executive producer with @julieplec of ""The Girls on the Bus"" coming soon on Netflix. Nicer on Instagram.",59918,1905,1867,24104,13778,True,2010-03-03T20:30:26+00:00,3838,True,True,Politics;Sports
2821727143,Southampton FC Hungary,Soton27,Hungary,Southampton FC magyar szurkolói oldala.  #southampton #saintsfc,126,307,1,34,202,False,2014-09-20T11:24:21+00:00,2176,True,True,Sports
215610793,Ayantunde Adewale (Omo Idowu),adewaleyclassic,lagos Nigeria,Accountant ¤ Hustler ¤ football aficionado and music addicted. #iam cool & fun to be with. #ManUtd,11224,10821,8,22908,10439,False,2010-11-14T12:34:08+00:00,3582,True,True,Entertainment
1252563389504786435,Sley,SleyGz,,¿Qué te digo? Me gusta esto de las cartas.. Amante de @LoRLATAM y fiel seguidor de Ledros. 📧sley_gzz@outlook.com,90,125,1,1626,1021,False,2020-04-21T11:42:47+00:00,136,False,True,Entertainment
305910597,Nicolas Louzada 🐬🆙,NicolasLouzada,,"Geek, Nerd e desde sempre apaixonado por Astronomia e Futebol Americano #FinsUp",224,1470,10,2483,361,False,2011-05-27T00:03:10+00:00,3388,False,True,Entertainment
16468227,Campaign,Campaignmag,London,"The world’s leading magazine for the advertising, marketing & media communities. @CampaignBrands @CampaignMedia @CampaignExpUK @CampaignTechUK @CampaignJobsUK",203238,3818,4501,3632,81500,True,2008-09-26T14:25:15+00:00,4361,True,True,Business;Sports
567468535,redrobbie73,billydog73,"cottered hertfordshire ,uk","level 2football coach,liverpool for ever,music,films,love the english bulldog,look after children with epilepsy & learning difficulties,#jft96#ynwa#",909,1730,9,2,7309,False,2012-04-30T19:03:57+00:00,3049,True,True,Entertainment
3431530511,Curtis Jones,curtisjr_10,,Footballer at Liverpool FC🔴,200696,1,390,16,142,True,2015-08-19T14:05:04+00:00,1843,False,True,Politics;Entertainment;Sports
775135464982405120,Vero Peña ♥️ ObsciMx - Observatorio Ciudadano,Vero_Penia,,,745,1074,1,11171,8277,False,2016-09-12T00:54:31+00:00,1453,False,False,Entertainment
183649547,Nando Penteado,penteadonando,campinas - sp,"Músico formado pela UNICAMP, aulas e shows",3612,4974,2,10826,7651,False,2010-08-27T14:53:43+00:00,3661,True,True,Entertainment
856129962218332161,Jim Brown,TRTJim,,Sarcasm Advocate,3603,195,25,10533,4862,False,2017-04-23T12:57:43+00:00,1230,False,True,Sports
472017924,Ben Ransom,BenRansomSky,Manchester,TV reporter and journalist for Sky Sports News (and a bike racer in my spare time!) Views most definitely my own.,5335,687,39,984,3143,False,2012-01-23T14:20:41+00:00,3147,True,True,Entertainment
39000115,Katy Tur,KatyTurNBC,"New York, NY","MSNBC anchor @2pm, NBC News correspondent, author of NYT best seller Unbelievable, currently treading in the primal soup of US politics.",766714,1670,6943,13015,30681,True,2009-05-10T05:02:51+00:00,4135,True,True,Politics;Business;Entertainment;Sports
269891467,Letta Tayler,lettatayler,New York,Global terrorism/counterterrorism researcher with Crisis & Conflict Division at Human Rights Watch. Ex-foreign correspondent. Retweet≠endorsement.,6683,1003,204,1348,6952,True,2011-03-21T16:52:11+00:00,3455,True,True,Business
865676744,Sara Sabry,sarasabry_,Canada,Instagram: sarasabry,149300,258,25,5522,5684,True,2012-10-07T03:04:59+00:00,2889,True,True,Politics
42562446,Stephen Curry,StephenCurry30,Worldwide,"Believer. Husband to @ayeshacurry, father to Riley, Ryan and Canon, son, brother. Golden State Warriors guard. Davidson Wildcat. Philippians 4:13 #IWILL",14432971,770,13902,748,7318,True,2009-05-26T04:15:37+00:00,4119,True,True,Politics;Business;Entertainment;Sports
2245775322,weareneoni,WeAreNeoni,,sisters who argue & write songs ⬇️ NEONI is on SPOTIFY ⬇️ https://t.co/n8w56THmq4…,74278,51466,392,120137,78589,False,2013-12-14T15:45:57+00:00,2456,False,True,Business
1294286713636831233,鍾亦恩,xl9E2FeKZfgukPU,台灣,雲林文昌👉台中西苑👉？？？ 愛棒球 專職投手打擊超弱😂😂😂守備普通 身高161cm 體重40kg 生日2007/01/15 星座:摩羯座,2,67,0,12,0,False,2020-08-14T14:56:32+00:00,21,True,True,Business
818656029294690308,Chase Ramsey,Ramsey13Chase,"Denver, CO",,31,253,0,503,67,False,2017-01-10T03:09:42+00:00,1333,True,False,Entertainment
105934142,RobertoJalonGardella,rjalon,"Santiago, Chile","¿Haciendo diferencia en el mundo de mis estudiantes universitarios? ¡¡¡Mmm, eso está por verse!!!",563,1681,10,11,439,False,2010-01-18T00:15:51+00:00,3882,True,True,Politics
20838343,Walden,moxi4554,美国,,279,490,1,26692,7883,False,2009-02-14T09:18:29+00:00,4220,True,False,Business
926345425,tamm✨,Tamare_xo,"Hamilton, Ontario",Phillipians 4:3🙏 𝐋𝐢𝐯𝐞 𝐲𝐨𝐮𝐫 𝐁𝐄𝐒𝐓 𝐥𝐢𝐟𝐞 🌹||. SC: tamare_xo.,824,456,1,1626,11301,False,2012-11-04T22:43:56+00:00,2861,True,True,Entertainment
91942071,Bobby Umar | Keynote Speaker,raehanbobby,"Toronto, Canada, US","5x @TEDx | Inc Mag Top 100 Speaker, Heart-Leader, Networking, Personal Brand & Parenting. Author, @HuffPost Writer, TV Host, Comedy Actor, GMAT pro, Daddy",471786,284739,4955,355,181303,True,2009-11-23T05:13:26+00:00,3938,True,True,Politics;Business
512700138,Madonna,Madonna,,https://t.co/7ce9cii2cV,2689735,47,5805,35,4087,True,2012-03-03T02:37:57+00:00,3107,False,True,Politics;Business
1107497784377114626,Gino darmo,RealGinodarmo,California,✝️🇺🇸Persecuted Assyrian Christian Refugee from Middle East USA is My Home TRUMPAMORE IS YOUR PRESIDENT4EVA!!! #heyliberalsleaveourkidsalone ✝️Q🇺🇸#trumpamore,24715,24678,11,36134,26488,False,2019-03-18T04:23:42+00:00,536,True,True,Sports
21795016,Emily Holt,Holt_SF,"San Francisco, CA",,920,118,17,2,448,False,2009-02-24T20:43:18+00:00,4210,True,False,Politics
26792546,Doug (Wear a Mask) Chavez,dvchavez,Boston,BLM! Political & social activist. Consulted & advised Boston City Councilor at Large Julia Mejia & former Governor Deval Patrick campaigns. VOTE @edmarkey!,373,1181,3,6844,3248,False,2009-03-26T16:58:10+00:00,4180,True,True,Politics
99471291,(((Jason Overdorf))),joverdorf,"Washington, DC",Recovering journalist.,3519,484,187,252,16234,True,2009-12-26T10:05:03+00:00,3905,True,True,Entertainment
1298386774683680768,Craig,Craig62500900,,US Marine Staff Sergeant🇱🇷🇱🇷 Issa Certified Trainer❤️ Gym enthusiast 💪💪 Proud American/Colorado raised,0,61,0,0,3,False,2020-08-25T22:28:47+00:00,10,False,True,Politics
107436986,Shania Twain 💎,ShaniaTwain,"Timmins, Ontario",The Woman In Me: Diamond Edition 💎 is coming October 2nd. Pre-order now!,938261,550,3011,5517,3991,True,2010-01-22T15:16:08+00:00,3878,True,True,Politics;Sports
971723743,Grant,tantrumTNT,"Florida, USA",🌙Look up⭐️,1140,183,0,1549,394,False,2012-11-26T10:33:16+00:00,2839,True,True,Business
57948579,Akhilesh Yadav,yadavakhilesh,"Lucknow, India",Socialist Leader of India. Chief Minister of UP (2012 - 2017),12618652,24,1564,49,3186,True,2009-07-18T14:52:00+00:00,4066,True,True,Politics;Business;Entertainment
512393797,Shaun 'Hazard' Anschutz,Hazard_MTG,"Irvine, CA","BS Health Science #KentStateAlumni | FMF Navy Corpsman Veteran | Previously Tempo Storm Writer, Manager, Partner Relations",808,185,7,9841,5073,False,2012-03-02T19:59:27+00:00,3108,True,True,Entertainment
818996878951862273,Ken Fisher,KennethLFisher,"Camas, Washington","Self-Made Multi-Billionaire, Global Investor, Father of P/S Ratio, NYT Bestseller, Market Guru, Financial Columnist and Tree Nut.",403772,228,626,1440,10802,True,2017-01-11T01:44:07+00:00,1332,True,True,Sports
1203159507108450306,DSF Chain,dsftoken,,,3983,0,0,0,122,False,2019-12-07T03:49:29+00:00,272,False,False,Sports
52146755,MythBusters,MythBusters,"San Francisco, CA",,1464578,15461,12489,1628,13241,True,2009-06-29T18:46:37+00:00,4085,True,False,Politics;Business;Entertainment
193095044,Brian Windhorst,WindhorstESPN,"Arenas, studios, airplanes",NBA for ESPN; 2x NY Times best-selling author,719777,869,10897,0,12033,True,2010-09-20T23:31:09+00:00,3637,True,True,Politics;Business
822249935454146560,Zitlaly Gobea Garcia,GobeaGarcia,"Tijuana, Baja California","Soy una chica que siempre tiene un teléfono en sus manos, unos auriculares y UN COREANO en su mente.",5,103,0,833,275,False,2017-01-20T01:10:36+00:00,1323,True,True,Business
1256368129535545344,Travis Smith,Trav_AndreSmith,,Engineering student Muay Thai - BJJ - MMA Canoeist - River marathons - surf ski and aspiring white water kayaker,0,25,0,5,1,False,2020-05-01T23:41:40+00:00,126,False,True,Sports
973333615412154368,"Great Lakes Guy, Rick",buildingguy57,"USA ,Michigan  ,","I can see Canada from my front porch,Born Aug.8th,, love Baseball, Hockey, #gogreen #bobdylan #resist, #V4MSU #MotorOn,#Sausagearmy",1705,4263,0,20549,12649,False,2018-03-12T23:03:12+00:00,907,True,True,Sports
2848154189,Eastbridge-SB.com,Eastbridge_SB,,https://t.co/jLQWEUyAEY Bespoke Sports Betting Brokerage. Skype Betting. Sportsbooks Accounts. Betting Platform. Sports Betting API.  +18 ONLY.,5371,5402,180,1900,44324,False,2014-10-28T12:55:28+00:00,2138,False,True,Entertainment
15254807,Internazionale,Internazionale,"Roma, Italia",Le ultime notizie da tutto il mondo scelte dalla redazione di Internazionale.,1230027,397,6502,93,76261,True,2008-06-27T13:41:35+00:00,4452,True,True,Politics
4733080641,Sky Data,SkyData,,Polling and data analysis from @SkyNews.  Sky Data is a member of the British Polling Council and abides by its rules.,11560,22,180,6,1300,True,2016-01-07T09:15:05+00:00,1702,False,True,Entertainment
765926406622699520,José Miguel Vivanco,JMVivancoHRW,,"Executive Director, Americas Division, Human Rights Watch",141501,977,585,3728,6160,True,2016-08-17T15:01:00+00:00,1479,False,True,Business
147205029,Mike L. Goodman,TheM_L_G,DC,"Half of @doublepivotpod. Used to do @StatsBomb stuff. Also did words at @FiveThirtyEight, ESPN, Grantland (RIP) etc. Sometimes not soccer at @GQMagazine.",19713,1349,944,32190,14505,False,2010-05-23T13:56:01+00:00,3757,True,True,Sports
300868924,EU_Eurostat,EU_Eurostat,Luxembourg,Eurostat is the statistical office of the European Union. We provide high quality statistics for Europe. #AskEurostat,156767,59,3694,374,6674,True,2011-05-18T14:02:16+00:00,3397,True,True,Entertainment
775750307091451904,M.N.S,FlexMiah786,Paraguay,Kill or be killed,7,153,0,268,193,False,2016-09-13T17:37:40+00:00,1452,True,True,Sports
1283054869121835010,chuck,Pr1nc3Ch4rl3s,,,3,154,0,939,113,False,2020-07-14T15:05:40+00:00,52,False,False,Politics
108342144,Michael B. Marois,MichaelMarois,Sacramento,"Editor, Bloomberg. Dad. Fly Fisherman. Photographer. Air Force Veteran. Red Sox/Patriots/Bruins/Celtics Fan. ~ Opinions are my own ~",2299,563,152,732,5056,True,2010-01-25T16:54:42+00:00,3875,True,True,Politics
826502328572317696,Josh,KloppStyle,,@LFC fan account | Instagram - @KloppStyle,18779,1060,80,29319,17814,False,2017-01-31T18:48:05+00:00,1312,False,True,Sports
303062677,Marion Holman,holmanm,,"Follow the science not the $$ - Diet & lifestyle over pharma drugs.  Love nature, walking and dogs",3283,3418,38,18641,11599,False,2011-05-22T07:29:31+00:00,3393,False,True,Sports
299802277,Bradd Jaffy,BraddJaffy,New York,"NBC News • Senior producer, NBC Nightly News",236134,1240,3956,6637,26755,True,2011-05-16T18:07:07+00:00,3399,True,True,Sports
30261067,CNET,CNET,San Francisco,CNET is the place to find out what's happening in tech and why it matters.,1734465,407,26276,3991,266100,True,2009-04-10T17:10:53+00:00,4165,True,True,Politics;Business;Entertainment
1298471485510692865,TECHECOLED,techecoled,,Venta de paneles solares y accesorios electricos,0,102,0,1,4,False,2020-08-26T04:05:28+00:00,9,False,True,Politics
1183016177284583425,estera | إستيرا,oh15h,,إستيرا | Estera https://t.co/qsvONCM5ws Snapchat : estera_store WhatsApp : +966530581526 الطلب عبر موقعنا | shop online,81,855,0,8,193,False,2019-10-12T13:47:15+00:00,328,False,True,Sports
193494089,“The Big Show” Paul Wight,WWETheBigShow,"Tampa, Florida",The pound-for-pound World's Largest Athlete is a feared competitor who can intimidate a WWE opponent with his size and stare alone.,2520721,559,5578,2343,3015,True,2010-09-21T23:34:23+00:00,3636,True,True,Politics
214620546,Fox Small Business,fbsmallbiz,Everywhere,Our job is to help you run a better small business.,59885,213,1060,12,3276,True,2010-11-11T20:58:51+00:00,3585,True,True,Politics
16386704,Weasel Zippers,weaselzippers,United States,Scouring the bowels of the Internet.,18471,447,664,162,59970,True,2008-09-21T02:47:58+00:00,4366,True,True,Entertainment
4199648488,HAMMAD KHAN FX,HammadkhanFx,"Punjab, Pakistan",professional Forex Trader❤️❤️❤️,395,956,1,2712,971,False,2015-11-16T05:42:25+00:00,1754,True,True,Sports
1249889062233747456,lisis,lisis73791274,,,2,122,0,0,23,False,2020-04-14T02:35:57+00:00,143,False,False,Politics
2424569809,dan haren,ithrow88,"OC, Ca",I threw 88...... Retired,117561,342,926,4743,1366,True,2014-04-03T01:03:08+00:00,2346,True,True,Entertainment
2333235974,Fabio Serpiello,FabioSerpiello,"Melbourne, Australia","Postgraduate Convener/Snr Lecturer/Chair of MSc (⚽️🏉🏈 Perf), @victoriauninews @iHealthSportVU @TrackVU | Founder @comparetech | All views are my own",1408,564,14,1575,1187,False,2014-02-08T10:09:03+00:00,2400,True,True,Sports
1899561499,alanah,musicalbobsie,"The Woodlands, TX",💻web content writer 🎼musician 🎥video editor 📸photographer,189,406,3,1873,1610,False,2013-09-24T07:14:21+00:00,2537,True,True,Entertainment
2306423824,TheJuiceGuy🧃,MachanganiBag,"Soweto, South Africa",MachanganiBagSwagLifeStyle Ambassador || Letaba Nectar Juice Distributor.,9687,9497,3,10221,3436,False,2014-01-26T20:47:43+00:00,2413,True,True,Politics
611362961,Mckaylee Masengale,masengalegirl,"Alabama, USA",,442,495,0,37,116,False,2012-06-18T03:56:52+00:00,3000,True,False,Entertainment
209154113,Virgilio,v0vvy,,"Intenté escribir aquí algo que no me suene mal, y no lo he conseguido. Sacad vuestras propias conclusiones.",177,405,0,831,2441,False,2010-10-28T16:30:04+00:00,3599,False,True,Entertainment
513338966,Hala Khalid AlJassar,Halaaljassar,"Kuwait University, physics",https://t.co/X95S238o5r https://t.co/RnmuWkfaVd,930,325,7,909,3188,False,2012-03-03T16:26:13+00:00,3107,True,True,Entertainment
1298401483990487042,Princesabeiby,Princesabeiby1,,living the life :),0,7,0,0,0,False,2020-08-25T23:26:59+00:00,10,False,True,Politics
219248343,TRT HABER,trthaber,Türkiye,Türkiye'nin Haber Ekranı: @trthaber | Canlı yayınlar: @trthabercanli | Programlar: @trthabertv | Instagram: https://t.co/YalSbjYhjd | https://t.co/W4KVeCq1Fn,3502900,4,2242,0,194699,True,2010-11-24T10:12:08+00:00,3572,True,True,Politics;Entertainment
19426562,Mike Gordon,CrankyDad,"Bend, OR","I tell stories and I edit stories. And I write. These rants are entirely (well, mostly) my own.",2626,3086,120,6381,36666,True,2009-01-24T01:28:14+00:00,4241,True,True,Business
53097913,Kira O'Brien.,KiraOBrien,"Saint Helens, England",You've got to wake up and love where you are.. #UFC #Bellator #ManchesterUnited,3061,4168,21,18740,13946,False,2009-07-02T15:45:05+00:00,4082,True,True,Entertainment
724857264,Dekkster,DekksterGaming,"Temecula, CA",Twitch Partner and YouTuber | F2K | Business Inquires: 	DekksterBiz@fullscreen.com https://t.co/igx0qf99sb,13322,683,43,5226,679,False,2012-07-29T23:51:23+00:00,2959,True,True,Entertainment
2440188996,twins,boocaprincesses,,,42544,512,564,336683,194742,False,2014-04-12T15:48:14+00:00,2337,False,False,Business
1018968529544986624,Dale Kleinknecht,KinkInTheNeck,"Alberta, Canada",Semi-Retired Draftsman and wannabe rockstar - Trump is a blight on humanity #Resist #BLM #LGBTQ Ally,2840,4038,5,30660,22217,False,2018-07-16T21:20:03+00:00,781,True,True,Sports
282545479,Michael Barbaro,mikiebarb,"New York, NY",Host of The Daily.,251116,1688,3474,19459,51657,True,2011-04-15T12:18:28+00:00,3430,True,True,Politics;Entertainment;Sports
530842489,Tsubasa Εndoh | 遠藤 翼,tsubasa_endoh,"Toronto, Ontario",Japanese Professional Football Player,2590,108,55,97,75,True,2012-03-20T02:25:30+00:00,3090,True,True,Sports
66369206,The FCC,FCC,"Washington, DC",The official Twitter page of the US Federal Communications Commission. RT & Follow does not imply endorsement.  FCC moments: https://t.co/iVXTCQsVX8,706770,179,6758,6,17070,True,2009-08-17T14:43:05+00:00,4036,True,True,Politics
15484511,Christine Varnado,eyweltschmerz,"Buffalo, NY",Now with permanent Weltschmerz,310,2201,2,3075,307,False,2008-07-18T18:30:36+00:00,4431,True,True,Entertainment
326427590,CB,cbrunsonjr_,,,1226,719,3,2222,13493,False,2011-06-29T22:14:33+00:00,3355,False,False,Politics
22508473,Oversight Committee Republicans,GOPoversight,Washington D.C.,House Oversight Committee Republicans | Est. 1814 | https://t.co/ylzBTwEGzE,111344,12795,1497,1288,14300,True,2009-03-02T17:30:34+00:00,4204,True,True,Business;Entertainment;Sports
1291360856308097024,niran. 🇳🇬,FNGOsisenaa,"Lagos, NG (UK)",Jije lori awọn ibi-afẹde 5 ti o gaju KSI jẹ aṣeyọri nla julọ mi | 🇳🇬 | pro shagger fun eboys FC | Biz: flyingnirangatang@gmail.com,21,26,0,39,18,False,2020-08-06T13:10:10+00:00,29,True,True,Sports
75069067,Clinton Foundation,ClintonFdn,New York,"Working with partners across the United States and around the world to create economic opportunity, improve public health, and inspire civic engagement.",837314,799,7015,2117,11608,True,2009-09-17T17:44:23+00:00,4005,True,True,Politics
1291382005150744576,عـَميدي | ( الحساب الثاني ),bx3dy,Iraq,هذا العراق..🤍,117,156,0,87,72,False,2020-08-06T14:35:13+00:00,29,True,True,Business
41998163,Vivek Shah,koolvicky,"Mumbai, India",Stock Market For Life!  DISC - I'm NOT A SEBI Certified Advisor!,37453,53,366,8741,4699,False,2009-05-23T08:31:37+00:00,4122,True,True,Entertainment
1283430098318884864,MilyMM,MilyMM5,,,2,215,0,108,7,False,2020-07-15T15:57:10+00:00,51,False,False,Business
105442995,Manoj Muntashir,manojmuntashir,Mumbai-India,"Lyricist, Writer & Poet (TeriMitti/Bahubali 1N2/PhirBhiTumKoChahunga/Galliyan/TereSangYara/DekhteDekhte/KaunTujhe/RashkeQamar/KaiseHua) Teri Mitti Unreleased 👇",194381,424,63,36175,24088,True,2010-01-16T10:41:21+00:00,3884,True,True,Entertainment
58675816,🇬🇧UK in Japan🇯🇵,UKinJapan,Tokyo,"Official tweets from British Embassy Tokyo. 駐日英国大使館の公式Twitterです。@PaulMaddenUK もフォローして下さい。 For emergency help in Japan, visit our website👇",104732,200,1981,20,7498,True,2009-07-21T02:29:15+00:00,4063,True,True,Politics;Entertainment
38507958,Charlotte Ashley,chardyemm,"Appleby-in-Westmorland, England","Farmer, oddball, textile artist, runner",3179,2180,15,11856,9750,False,2009-05-07T20:19:28+00:00,4138,True,True,Sports
913972263355023360,Keep #Richonne Alive,TaeDeadWalking,,Hardcore TWD and Richonne fan. RJ's Fairy Godmother.,221,194,3,1590,2091,False,2017-09-30T03:42:23+00:00,1070,False,True,Sports
1298651549342797827,Kévinho,Kevinho26__,"Bretagne, France",qlf,21,377,0,0,0,False,2020-08-26T16:00:44+00:00,9,True,True,Politics
25330246,T. Boone Pickens,boonepickens,"Dallas, TX","Memorial account for T. Boone Pickens, 1928-2019. This account is now being maintained by T. Boone Pickens Foundation team members.",138703,453,1855,84,3033,True,2009-03-19T16:26:26+00:00,4187,True,True,Politics;Sports
1080865917377097728,Rep. Cindy Axne,RepCindyAxne,"Des Moines, IA",Proud to serve as the U.S. Representative from Iowa's Third Congressional District. #IA03,13443,392,369,220,1500,True,2019-01-03T16:38:10+00:00,610,True,True,Politics
428377986,OFFSET,OffsetYRN,in da streetz,OFFSET 1/3 OF @MIGOS ARTIST I FREESTYLE ALL MY SHIT,3078442,394,977,2117,17109,True,2011-12-04T17:53:24+00:00,3197,True,True,Politics;Business;Entertainment;Sports
48938064,SevenSentinels,SevenSentinels,Honolulu,External Follows Internal. Most POWERFUL #trading concept on Earth. Period. Proprietary Sentinels dvlpd over 4+ decades.http://t.co/Dae3mYn8zE Spec intro offer,29748,17534,294,2076,34220,False,2009-06-20T05:40:09+00:00,4094,True,True,Sports
774187063,BuzzFeed Food,BuzzFeedFood,"New York, NY","Open for breakfast, lunch, dinner and all the snacks you require in between.",280704,279,1875,513,15099,True,2012-08-22T17:58:59+00:00,2935,True,True,Politics
380468726,Mike Connolly,MikeConnollyMA,"Cambridge, Massachusetts","Attorney, activist, proud progressive Democrat and DSA member. State Representative for 26th Middlesex District in #Somerville & #CambMa.",8168,2128,177,15221,14852,False,2011-09-26T18:07:54+00:00,3266,True,True,Politics
142523508,Renata Sánchez,luribam,"México, D.F.",Docente. Farmacóloga. Madre de familia. Yellow Status Presenter. Younique fan and employe. Working from home. Creyente de Dios. Intolerante a la 4T,998,2092,0,23084,8659,False,2010-05-11T03:05:34+00:00,3769,True,True,Entertainment
309220197,REESE'S,reeses,"Hershey, PA",We're here to make you want a Reese's. Also here to talk about the perfect combo of Chocolate and Peanut Butter. Not Sorry. https://t.co/3HRPQ1cVdF,325827,1074,702,6549,17440,True,2011-06-01T18:47:31+00:00,3383,True,True,Business
404802175,Gary Kingsley,Gazzzzzy,,I'm totally awesome jj I'm good at everything,27,137,0,103,15,False,2011-11-04T12:43:21+00:00,3227,False,True,Sports
17856201,Emily Cunningham,emahlee,dxʷdəwʔabš land,Whistleblower. Founding member of @AMZNforclimate. Fired for raising the alarm about climate and covid-19. She/her.  PS I love you.,6918,2617,255,17306,14000,False,2008-12-04T01:47:02+00:00,4292,True,True,Entertainment
28283145,Jason Kaneshiro,jasonkaneshiro,"Honolulu, HI",Honolulu Star-Advertiser sports reporter,1761,699,51,1604,8117,True,2009-04-02T04:40:55+00:00,4173,True,True,Business
16439471,The Week,TheWeek,"New York, NY",All you need to know about everything that matters.,131819,1694,4049,3311,106611,True,2008-09-24T19:33:22+00:00,4363,True,True,Politics;Business
69478952,Ronna DeLoe,RonnaDeLoe,,"Author, photographer & professional pianist;creative & legal writing, avvocatessa. #LuvMyDogs #VoteBlue #Resist #Impeach45 #WorstPrezEver #FightALLBigotry #BLM",1813,4399,21,11833,15588,False,2009-08-28T02:21:05+00:00,4025,False,True,Sports
146039230,ThåtKëëñÔbžėrvėr!,iamhordmax,Lagos • Nairobi • Maidenhead,• Blũnt & Ôbsėrvañt • #Aqũariũs #Photography • Skype: hordmax •— got a strong small-circle. Just follow. . .,552,682,1,252,15078,False,2010-05-20T13:16:11+00:00,3760,True,True,Business
1202126714219794433,Ram V,MaximizeRam,"Pune, Maharashtra ,India",,37,329,0,321,49,False,2019-12-04T07:25:30+00:00,275,True,False,Politics
2735037088,BlazeFK 🇳🇴,BlazeAFC,"Molde, Norge",| @Arsenal FT is undefeated,619,571,0,5553,7488,False,2014-08-06T11:55:57+00:00,2221,True,True,Sports
34430522,Blake Griffin,blakegriffin23,,,4479690,575,11533,785,2782,True,2009-04-22T22:51:03+00:00,4153,False,False,Politics;Business;Entertainment;Sports
198975780,Jordan,Jumpman23,,#JUMPMAN,4073985,140,5975,5622,10229,True,2010-10-05T18:27:05+00:00,3622,False,True,Politics;Business;Entertainment;Sports
18467507,Becky Padilla,manteifan,Phoenix,"A mom, wife and grandma. I work as a NICU nurse. Huge fan of baseball, #LivePD, music, aromatherapy and Reiki.",720,607,5,143670,8149,False,2008-12-30T02:47:00+00:00,4266,True,True,Sports
137515732,❤,Sherol94,🇹🇹,A series of random thoughts strung perfectly together to make no sense.,757,569,57,24297,27335,False,2010-04-27T00:05:09+00:00,3783,True,True,Sports
1129118395,Iván González,ivngzfz,Calahorra (La Rioja),Entrenador Personal  Licenciado CCAFD. Magisterio E Física.,108,448,0,100,46,False,2013-01-28T20:17:41+00:00,2776,True,True,Sports
32660559,Wizkid,wizkidayo,STARBOY⭐️🌹,https://t.co/yYxnSrtU2Z,7025632,1444,8870,880,52520,True,2009-04-17T23:32:29+00:00,4158,True,True,Politics;Entertainment;Sports
1017100433028976640,Murat Bilge Kelce,BilgeKelce,around the world.,,66,1384,0,32,16,False,2018-07-11T17:36:54+00:00,786,True,False,Politics
115298732,ABHISHEK SHARMA,a13332009,"New Delhi, India","Human, Searching for meaning of life, Value investor in the making.",3,79,0,52,2,False,2010-02-18T06:55:56+00:00,3851,True,True,Entertainment
2558684335,Telangana CMO,TelanganaCMO,Hyderabad,"Official account of CMO Telangana. Maintained by IT, E & C Dept, Telangana State.",982737,27,380,87,6132,True,2014-06-10T09:58:50+00:00,2278,True,True,Politics
1059325677202157568,TXT JAPAN OFFICIAL,TXT_bighit_jp,,#TOMORROW_X_TOGETHER JAPAN OFFICIAL TWITTER,880847,3,2082,0,381,True,2018-11-05T06:04:57+00:00,669,False,True,Politics;Business
266299139,Bajamamut 🏛 #FALGM #YoNoVoto #LibertadColectiva,Bajamamut,"Madrid, España",Repúblico|Abstencionario|Jugón|Viciado|Nogueimer| Socio Nº 127 del Club de Fans de Cálico Electrónico. Sano de Schrödinger: Sano y contagiado al mismo tiempo.,596,1663,5,32449,46332,False,2011-03-15T00:50:14+00:00,3461,True,True,Sports
927325603589652482,Kala 🦕,kalasaurus,"Ohio, USA",I'm here for the drama. Biracial & bisexual 🌈♥️🦄 (she/her),2824,4569,4,152027,39226,False,2017-11-06T00:03:47+00:00,1033,True,True,Entertainment
1106262387106238464,Qurban,Qurbana10,,hi friend,22,184,0,135,34,False,2019-03-14T18:34:41+00:00,540,False,True,Entertainment
14364779,Callaway Golf,CallawayGolf,"Carlsbad, CA",Official Twitter account of Callaway Golf. Follow us on Instagram: https://t.co/KdYhSNyFCm,358181,588,2291,16609,21894,True,2008-04-11T21:27:26+00:00,4529,True,True,Politics
2217998766,Michael Frost,mphrost,"Kansas City, MO",I listen. I think. I laugh out loud.,81,664,11,3086,3989,False,2013-11-27T15:43:24+00:00,2473,True,True,Politics
2229469195,Cary Whorton,carebearcards,,Fulltime party guy hard core ST.LOUIS CARDINALS & MIZZOU TIGERS fan! A lover of allthings CHUCK NORRIS ! I ate the last slice of pizza I really miss NFL in ST.L,829,3127,7,4074,11435,False,2013-12-04T07:24:17+00:00,2466,False,True,Sports
1194582374,Billboard AR,BillboardArg,Argentina,Lo mejor de la música 🎶  Best in Music @billboard @billboardlatin @billboardcharts #latinfest #womeninmusic https://t.co/DRgV7AU8mZ,173343,1673,159,8100,20365,True,2013-02-18T19:28:22+00:00,2755,True,True,Business
3615920477,Ingrid Coppock,MissCoppock,,Ohio University | Patton College of Education | Early Childhood Education Major | Student Early Childhood Organization Exec Member | UNICEF | XΩ,23,44,0,6,11,False,2015-09-11T02:44:25+00:00,1820,False,True,Politics
2157651508,Erling Haaland,ErlingHaaland,,@BVB,314106,6,228,1724,143,True,2013-10-28T19:57:26+00:00,2503,False,True,Politics;Sports
1214847550265671680,Bonny Kessy,kuntabony,,@arsenal ❤⚽,28,119,0,2857,19,False,2020-01-08T09:53:37+00:00,240,False,True,Sports
1694444598,факу Унтэр,facuunter9,"Doral, FL","20| Enfermo del basquet ex #9 DSL| Promo '17| Si no te produce algo, no es importante| Boca sos mi vida| I used to live in Argentina, now I live in USA",590,2257,0,46021,6041,False,2013-08-23T18:10:03+00:00,2569,True,True,Entertainment
2302219266,Olga Serebrenitskaya,serebrenitska,"Houston, TX","Тот, кто не учится у истории, обречен на её повторение.",148,475,2,342,2355,False,2014-01-21T00:22:51+00:00,2418,True,True,Business
20810902,Marc Schwartz,Marc_J_Schwartz,"New York, NY","I'm That Guy: CBS News Overnight Assignment Editor (National Desk). Retweets don't=endorsements, but hey, do you really want my endorsement? Former: MSNBC/AJAM",702,1755,21,8877,4457,False,2009-02-13T21:56:15+00:00,4221,True,True,Entertainment
16254828,CharuJ,CharuJoneja,India,,52,62,3,2,913,False,2008-09-12T09:59:14+00:00,4375,True,False,Entertainment
24719760,DJ CLUE,DJCLUE,THe Mecca Of The World,C.E.O OF NYC...I Just Run The Town..I Don't Do Too Much Jogging ! DJCLUEBOOKINGS@GMAIL.COM,1107048,500,4157,16,40030,True,2009-03-16T16:29:17+00:00,4190,True,True,Politics;Business;Entertainment
44452312,"Myron Rolle, MD",MyronRolle,"Boston, MA",Believer. Neurosurgery Resident at Harvard/The Massachusetts General Hospital. MLR Foundation Chair. Rhodes Scholar. Former NFLer. #2%,39210,437,771,582,8889,True,2009-06-03T20:44:01+00:00,4111,True,True,Business
1253749753839525888,Lidia Boccardi,BoccardiLidia,,,7,58,0,42,14,False,2020-04-24T18:17:06+00:00,133,False,False,Sports
2617066206,Dr. Ramesh Pokhriyal Nishank,DrRPNishank,,"Union Cabinet Minister for Education, Government of India | Former Chief Minister of Uttarakhand | Author of 75 books | MP Haridwar.",802587,329,289,19268,28457,True,2014-07-11T10:12:50+00:00,2247,False,True,Politics;Business;Entertainment
1224101197621219328,DadoWho?,DadoWho,Florence,"I like spaghetti, and listen Amelie, Nicole, Nina, Deborah.",24,413,0,562,123,False,2020-02-02T22:44:16+00:00,215,True,True,Politics
2455740283,MrBeast,MrBeastYT,Follow me for a cookie,I want to make the world a better place before I die.,7089730,1310,1296,26904,3610,True,2014-04-21T00:28:42+00:00,2328,True,True,Politics;Business;Entertainment;Sports
64798737,Marcelo Ebrard C.,m_ebrard,Ciudad de México,Secretario de Relaciones Exteriores de México,1957933,1082,6702,1249,9913,True,2009-08-11T19:31:27+00:00,4042,True,True,Entertainment
1031452291092684800,Dee,iamdeebanks,"Tema, Ghana",,958,889,0,2943,505,False,2018-08-20T08:06:04+00:00,746,True,False,Politics
1877590868,Harry Maxwell Taylor JR.,taylorharry88,"Jersey City, New Jersey","Queen Bee said - I'm so nice, I'm everybody type, goddamn right I'm so nice, Jesus Christ, I'm better than the hype, I give you life. 🎥❤✊🏾",487,1385,6,2688,3402,False,2013-09-18T01:38:25+00:00,2543,True,True,Business
26684668,Кэмерон Дутро,camertron,"Benicia, CA",Software engineer at Quip. See also @catwithtail.,2907,755,64,2647,8122,False,2009-03-26T04:02:33+00:00,4180,True,True,Entertainment
189206060,Productos y Mercados,pymcom,españa,Director de Jose Manzanares EAFI Experto en bolsa y ETFS Profesor del IEB Autor del libro Los Datos Macro Americanos y validador de STO Security Token Offered,3354,2787,152,4336,44164,False,2010-09-10T17:12:39+00:00,3647,True,True,Sports
1133010651968729089,Brady sirkus,BradySirkus,,,10,597,0,172,30,False,2019-05-27T14:02:44+00:00,466,False,False,Business
16787084,Ed Morrissey,EdMorrissey,http://goingredbook.com/,"Your favorite sweet summer child. Undisputed Grand Master of the Sistine Selfie. Senior editor, Hot Air. Author, Going Red. Is Gaeilgeoir mé.",66416,2084,1909,3805,174964,True,2008-10-15T16:57:09+00:00,4342,True,True,Entertainment
836968183680614400,Baseball Hall Digital Collections,HofDigital,"Cooperstown, NY",Highlights from @baseballhall's Digital Collections.,2413,197,71,442,506,True,2017-03-01T15:55:39+00:00,1283,True,True,Sports
54951973,Mary J. Blige,maryjblige,,https://t.co/sWkfyLvHdo,6057143,323,17401,259,7063,True,2009-07-08T16:48:22+00:00,4076,False,True,Politics;Business;Sports
1281322726406254593,M. H. J,MHJ17539941,,فقط الله ( just god ),169,793,0,466,22,False,2020-07-09T20:22:32+00:00,57,False,True,Politics
226944459,#OriginalCopy 🧁,cuppymusic,,"DJ, Producer, & Philanthropist 🇳🇬 Email: bookings@cuppy.co.uk",2193233,232,313,12078,16589,True,2010-12-15T13:59:30+00:00,3551,False,True,Politics;Sports
1247071231813304327,John,John28099718,,"Science, history, politics, and everything in between. Scientist.",23,499,0,5385,1293,False,2020-04-06T07:59:06+00:00,151,False,True,Business
39275966,Robert Herjavec,robertherjavec,Wherever I need to be.,"Dad, Husband, Founder & CEO of global cybersecurity firm @HerjavecGroup, Shark on ABC’s Shark Tank, Former Dragon, Author",813859,166,4298,174,15074,True,2009-05-11T15:49:08+00:00,4134,True,True,Politics;Business
63399487,Lee Alexander,brightsidecoach,Australia,,1126,1249,31,1159,2578,False,2009-08-06T06:55:56+00:00,4047,True,False,Sports
4898091,Financial Times,FinancialTimes,London / New York / Hong Kong,"The best of FT journalism, including breaking news and insight",6676332,844,41532,71,281238,True,2007-04-16T16:54:19+00:00,4890,True,True,Politics;Business;Entertainment;Sports
21041321,Ted Fine,finetedfine,New York,Head of global partnerships for Bloomberg News.,1721,435,58,321,3513,False,2009-02-16T23:15:16+00:00,4218,True,True,Politics
148248527,Mohanlal,Mohanlal,God's Own Country,A Proud and Blessed Indian! A part of the Indian Movie Fraternity from God's Own Country.,6121197,142,1759,160,1829,True,2010-05-26T06:26:08+00:00,3754,True,True,Politics;Entertainment
720135190916366336,Thane City Police,ThaneCityPolice,Thane,"This is the official handle of Thane City Police. For any emergency, dial 100",97940,30,88,2114,38025,True,2016-04-13T06:23:03+00:00,1605,True,True,Entertainment
1297132458106814466,Bob Stephens,BobStep34308097,,,29,148,0,1,0,False,2020-08-22T11:24:35+00:00,13,False,False,Entertainment;Sports
1002500058,Transfer HQ,Transfer__HQ,,Your home for all the transfer news from the world of football. *unofficial account* Contact: socialmah@gmail.com,172540,26,740,2,40654,False,2012-12-10T21:02:35+00:00,2825,False,True,Sports
49883265,Michael Silver,MikeSilver,California Republic,13-plus years at Sports Illustrated. Six as a DotCom Don. Now loudly dispensing real talk on a television near you. Unfollow me. https://t.co/eerZ10pZdX,190144,997,4288,100,147512,True,2009-06-23T04:23:41+00:00,4091,True,True,Entertainment;Sports
78100510,MIT Sloan Experts,mitsloanexperts,"Cambridge, MA",Research and commentary from @MITSloan business and management experts plus current events of interest to global business leaders.  Ideas made to matter.,6979,3445,381,2108,23831,False,2009-09-28T19:34:14+00:00,3994,True,True,Politics
18863815,Coldplay,coldplay,Harveytown,The official Twitter of the band Coldplay,23362332,740,43251,1150,8060,True,2009-01-11T11:04:45+00:00,4254,True,True,Politics;Business;Entertainment;Sports
